[{"key": "wifistatus", "name": "WiFi Status", "url": "https://github.com/ManuelMcLure/OctoPrint-WiFiStatus"}, {"key": "uicustomizer", "name": "UI Customizer", "url": "https://github.com/LazeMSS/OctoPrint-UICustomizer"}, {"key": "touchui", "name": "TouchUI", "url": "https://github.com/BillyBlaze/OctoPrint-TouchUI"}, {"key": "toptemp", "name": "Top Temp", "url": "https://github.com/LazeMSS/OctoPrint-TopTemp"}, {"key": "terminalcommandsextended", "name": "Terminal Commands Extended", "url": "https://github.com/jneilliii/OctoPrint-TerminalCommandsExtended"}, {"key": "prusaslicerthumbnails", "name": "Slicer Thumbnails", "url": "https://github.com/jneilliii/OctoPrint-PrusaSlicerThumbnails"}, {"key": "printscheduler", "name": "Print Scheduler", "url": "https://github.com/jneilliii/OctoPrint-PrintScheduler"}, {"key": "preheat", "name": "Preheat Button", "url": "https://github.com/marian42/octoprint-preheat"}, {"key": "usb_keyboard", "name": "USB Keyboard", "url": "https://github.com/barrettford/OctoPrint-Usb_keyboard"}, {"key": "PrintTimeGenius", "name": "PrintTimeGenius Plugin", "url": "https://github.com/eyal0/OctoPrint-PrintTimeGenius"}, {"key": "octopod", "name": "OctoPod Plugin", "url": "https://github.com/gdombiak/OctoPrint-OctoPod"}, {"key": "obico", "name": "Obico for OctoPrint", "url": "https://www.obico.io/"}, {"key": "filemanager", "name": "FileManager", "url": "https://github.com/Salandora/OctoPrint-FileManager"}, {"key": "excluderegion", "name": "Exclude Region", "url": "https://github.com/bradcfisher/OctoPrint-ExcludeRegionPlugin"}, {"key": "enclosure", "name": "Enclosure Plugin", "url": "https://github.com/vitormhenrique/OctoPrint-Enclosure"}, {"key": "customControl", "name": "Custom Control Editor", "url": "https://github.com/Salandora/octoprint-customControl"}, {"key": "custombackground", "name": "Custom Background", "url": "https://github.com/jneilliii/OctoPrint-CustomBackground"}, {"key": "cancelobject", "name": "Cancel Objects", "url": "https://github.com/paukstelis/OctoPrint-Cancelobject"}, {"key": "klipper", "name": "OctoKlipper", "url": "https://github.com/thelastWallE/OctoprintKlipperPlugin"}, {"key": "DisplayLayerProgress", "name": "DisplayLayerProgress Plugin", "url": "https://github.com/OllisGit/OctoPrint-DisplayLayerProgress"}, {"key": "bedlevelvisualizer", "name": "Bed Visualizer", "url": "https://github.com/jneilliii/OctoPrint-BedLevelVisualizer"}, {"key": "arc_welder", "name": "Arc-Welder", "url": "https://github.com/FormerLurker/ArcWelderPlugin"}]